dataset_name,model_name,model,data,imgsz,batch,split,box_map50,box_map,box_map75,box_mp,box_mr,metrics/precision(B),metrics/recall(B),metrics/mAP50(B),metrics/mAP50-95(B),fitness,speed_preprocess,speed_inference,speed_loss,speed_postprocess,save_dir
crowdhuman,yolo26n_ch_wp_640,/d/hpc/projects/FRI/zm3587/dl/runs/person_detection/yolo26n_ch_wp_640/weights/best.pt,/d/hpc/projects/FRI/zm3587/dl/datasets/crowdhuman/data.yaml,640,16,val,0.7552722062922114,0.47211842823819233,0.49466292996630057,0.8017001153749226,0.6542818943072268,0.8017001153749226,0.6542818943072268,0.7552722062922114,0.47211842823819233,0.47211842823819233,0.6594301700230807,1.6810597931525033,0.0006762641035574456,0.1579103887494594,/d/hpc/projects/FRI/zm3587/dl/runs/person_detection_eval/eval_yolo26n_ch_wp_640_all__on_crowdhuman
widerperson,yolo26n_ch_wp_640,/d/hpc/projects/FRI/zm3587/dl/runs/person_detection/yolo26n_ch_wp_640/weights/best.pt,/d/hpc/projects/FRI/zm3587/dl/datasets/widerperson/data.yaml,640,16,val,0.7503341622469485,0.46762205752943464,0.5061499899300376,0.8124352178815674,0.6386467418500179,0.8124352178815674,0.6386467418500179,0.7503341622469485,0.46762205752943464,0.46762205752943464,0.7593724537291564,2.3088792870403267,0.0006537822773680091,0.1552790310815908,/d/hpc/projects/FRI/zm3587/dl/runs/person_detection_eval/eval_yolo26n_ch_wp_640_all__on_widerperson
coco2017,yolo26n_ch_wp_640,/d/hpc/projects/FRI/zm3587/dl/runs/person_detection/yolo26n_ch_wp_640/weights/best.pt,/d/hpc/projects/FRI/zm3587/dl/datasets/coco2017/data.yaml,640,16,val,0.6389004285664398,0.4050015492923337,0.43046721840874574,0.6694741521071698,0.5955275122947017,0.6694741521071698,0.5955275122947017,0.6389004285664398,0.4050015492923337,0.4050015492923337,0.7602322248882393,1.088444023400703,0.0006666048751529091,0.15449498453175092,/d/hpc/projects/FRI/zm3587/dl/runs/person_detection_eval/eval_yolo26n_ch_wp_640_all__on_coco2017
ochuman,yolo26n_ch_wp_640,/d/hpc/projects/FRI/zm3587/dl/runs/person_detection/yolo26n_ch_wp_640/weights/best.pt,/d/hpc/projects/FRI/zm3587/dl/datasets/ochuman/data.yaml,640,16,val,0.7814905500272027,0.5007059274895996,0.5273927477762602,0.76914842064814,0.7359141961322121,0.76914842064814,0.7359141961322121,0.7814905500272027,0.5007059274895996,0.5007059274895996,0.6980102882926749,1.0901647683302735,0.0006529799322729178,0.1522275539215676,/d/hpc/projects/FRI/zm3587/dl/runs/person_detection_eval/eval_yolo26n_ch_wp_640_all__on_ochuman
