dataset_name,model_name,model,data,imgsz,batch,split,box_map50,box_map,box_map75,box_mp,box_mr,metrics/precision(B),metrics/recall(B),metrics/mAP50(B),metrics/mAP50-95(B),fitness,speed_preprocess,speed_inference,speed_loss,speed_postprocess,save_dir
crowdhuman,yolo26n,/d/hpc/projects/FRI/zm3587/dl/yolo26n.pt,/d/hpc/projects/FRI/zm3587/dl/datasets/crowdhuman/data.yaml,640,16,val,0.5637007611569281,0.3348570790152424,0.3425815180944032,0.7135686870094342,0.4742000663469948,0.7135686870094342,0.4742000663469948,0.5637007611569281,0.3348570790152424,0.3348570790152424,0.5395517258284703,1.5133608616110645,0.0005392150317256934,0.13826361579502972,/d/hpc/projects/FRI/zm3587/dl/runs/person_detection_eval/eval_yolo26n_default_640_all__on_crowdhuman-2
widerperson,yolo26n,/d/hpc/projects/FRI/zm3587/dl/yolo26n.pt,/d/hpc/projects/FRI/zm3587/dl/datasets/widerperson/data.yaml,640,16,val,0.5392323909509642,0.21845708352380755,0.12249378108484374,0.7145109850732968,0.46711512448360326,0.7145109850732968,0.46711512448360326,0.5392323909509642,0.21845708352380755,0.21845708352380755,0.7876372748287395,1.1908427678863518,0.0013889120891690254,0.27732996380655095,/d/hpc/projects/FRI/zm3587/dl/runs/person_detection_eval/eval_yolo26n_default_640_all__on_widerperson-2
coco2017,yolo26n,/d/hpc/projects/FRI/zm3587/dl/yolo26n.pt,/d/hpc/projects/FRI/zm3587/dl/datasets/coco2017/data.yaml,640,16,val,0.7477097033014698,0.5126941825427419,0.5425059459491623,0.8025556446151288,0.6392316971327828,0.8025556446151288,0.6392316971327828,0.7477097033014698,0.5126941825427419,0.5126941825427419,0.7043022359712717,1.1311398942809934,0.0006373825976178964,0.13883489266129934,/d/hpc/projects/FRI/zm3587/dl/runs/person_detection_eval/eval_yolo26n_default_640_all__on_coco2017-2
ochuman,yolo26n,/d/hpc/projects/FRI/zm3587/dl/yolo26n.pt,/d/hpc/projects/FRI/zm3587/dl/datasets/ochuman/data.yaml,640,16,val,0.7554148640277765,0.4510125320031172,0.4570865279256823,0.791279833743786,0.7011768719085792,0.791279833743786,0.7011768719085792,0.7554148640277765,0.4510125320031172,0.4510125320031172,0.7444111438712723,1.1261013952839045,0.0006453036958896916,0.13818332844245584,/d/hpc/projects/FRI/zm3587/dl/runs/person_detection_eval/eval_yolo26n_default_640_all__on_ochuman-2
