dataset_name,model_name,model,data,imgsz,batch,split,box_map50,box_map,box_map75,box_mp,box_mr,metrics/precision(B),metrics/recall(B),metrics/mAP50(B),metrics/mAP50-95(B),fitness,speed_preprocess,speed_inference,speed_loss,speed_postprocess,save_dir
crowdhuman,yolo26n,/d/hpc/projects/FRI/zm3587/dl/yolo26n.pt,/d/hpc/projects/FRI/zm3587/dl/datasets/crowdhuman/data.yaml,960,16,val,0.6461743542739985,0.39490303242509317,0.4137720542426598,0.7393138502605947,0.5552037154317079,0.7393138502605947,0.5552037154317079,0.6461743542739985,0.39490303242509317,0.39490303242509317,1.4484341074371587,2.391930897634911,0.0006979046329787722,0.16502599648543095,/d/hpc/projects/FRI/zm3587/dl/runs/person_detection_eval/eval_yolo26n_default_960_all__on_crowdhuman
widerperson,yolo26n,/d/hpc/projects/FRI/zm3587/dl/yolo26n.pt,/d/hpc/projects/FRI/zm3587/dl/datasets/widerperson/data.yaml,960,16,val,0.5822489012784551,0.231634990448698,0.12556201971415404,0.71953080178288,0.5144413673274701,0.71953080178288,0.5144413673274701,0.5822489012784551,0.231634990448698,0.231634990448698,1.3820779120433144,1.9060257348464802,0.0006472909008152783,0.14389156189281493,/d/hpc/projects/FRI/zm3587/dl/runs/person_detection_eval/eval_yolo26n_default_960_all__on_widerperson
coco2017,yolo26n,/d/hpc/projects/FRI/zm3587/dl/yolo26n.pt,/d/hpc/projects/FRI/zm3587/dl/datasets/coco2017/data.yaml,960,16,val,0.7814649501102068,0.5286616401891272,0.5730826643130574,0.8009313665548172,0.6850700566020228,0.8009313665548172,0.6850700566020228,0.7814649501102068,0.5286616401891272,0.5286616401891272,1.3588741112829315,2.2639932933421183,0.000556216045565325,0.18249749448693353,/d/hpc/projects/FRI/zm3587/dl/runs/person_detection_eval/eval_yolo26n_default_960_all__on_coco2017
ochuman,yolo26n,/d/hpc/projects/FRI/zm3587/dl/yolo26n.pt,/d/hpc/projects/FRI/zm3587/dl/datasets/ochuman/data.yaml,960,16,val,0.6702216068385208,0.3396886840838981,0.30748115645166185,0.7269009150247622,0.6578145353431726,0.7269009150247622,0.6578145353431726,0.6702216068385208,0.3396886840838981,0.3396886840838981,1.6872559579167346,2.0873073465462166,0.0006896853284156414,0.1476783305563113,/d/hpc/projects/FRI/zm3587/dl/runs/person_detection_eval/eval_yolo26n_default_960_all__on_ochuman
