batch,box_map,box_map50,box_map75,box_mp,box_mr,data,dataset_name,fitness,imgsz,metrics/mAP50(B),metrics/mAP50-95(B),metrics/precision(B),metrics/recall(B),model,speed_inference,speed_loss,speed_postprocess,speed_preprocess,split
16,0.5477166218838738,0.8127402155502289,0.5939483653494859,0.8235990262470023,0.7136390252518161,/d/hpc/projects/FRI/zm3587/dl/datasets/crowdhuman/data.yaml,crowdhuman,0.5477166218838738,960,0.8127402155502289,0.5477166218838738,0.8235990262470023,0.7136390252518161,/d/hpc/projects/FRI/zm3587/dl/runs/person_detection/yolo26n_crowdhuman_960/weights/best.pt,2.7159021723108663,0.0009468226220450221,0.21320884253188233,1.385833418584968,val
