batch,box_map,box_map50,box_map75,box_mp,box_mr,data,dataset_name,fitness,imgsz,metrics/mAP50(B),metrics/mAP50-95(B),metrics/precision(B),metrics/recall(B),model,speed_inference,speed_loss,speed_postprocess,speed_preprocess,split
16,0.48239547433476915,0.7599334566602483,0.507562278248698,0.803663466571479,0.6614795379836546,/d/hpc/projects/FRI/zm3587/dl/datasets/crowdhuman/data.yaml,crowdhuman,0.48239547433476915,640,0.7599334566602483,0.48239547433476915,0.803663466571479,0.6614795379836546,/d/hpc/projects/FRI/zm3587/dl/runs/person_detection/yolo26n_crowdhuman_640/weights/best.pt,1.5025047925956232,0.0005583392053382212,0.11783017501452389,0.5857790289904914,val
