batch,box_map,box_map50,box_map75,box_mp,box_mr,data,dataset_name,fitness,imgsz,metrics/mAP50(B),metrics/mAP50-95(B),metrics/precision(B),metrics/recall(B),model,speed_inference,speed_loss,speed_postprocess,speed_preprocess,split
16,0.4014954915170745,0.6360165532322057,0.4255513112320576,0.7432296190647909,0.5447892477658152,/d/hpc/projects/FRI/zm3587/dl/datasets/crowdhuman/data.yaml,crowdhuman,0.4014954915170745,640,0.6360165532322057,0.4014954915170745,0.7432296190647909,0.5447892477658152,/d/hpc/projects/FRI/zm3587/dl/yolo26s.pt,2.4327626705725915,0.0005822928699087223,0.13329754961820778,0.6011635220521162,val
