batch,box_map,box_map50,box_map75,box_mp,box_mr,data,dataset_name,fitness,imgsz,metrics/mAP50(B),metrics/mAP50-95(B),metrics/precision(B),metrics/recall(B),model,speed_inference,speed_loss,speed_postprocess,speed_preprocess,split
16,0.45650620614523624,0.707956504160131,0.4928872620921391,0.7556568320690605,0.6156794403040904,/d/hpc/projects/FRI/zm3587/dl/datasets/crowdhuman/data.yaml,crowdhuman,0.45650620614523624,960,0.707956504160131,0.45650620614523624,0.7556568320690605,0.6156794403040904,/d/hpc/projects/FRI/zm3587/dl/yolo26s.pt,5.103508791914509,0.001050322436465449,0.16664525234775546,1.4558632435326122,val
