batch,box_map,box_map50,box_map75,box_mp,box_mr,data,dataset_name,fitness,imgsz,metrics/mAP50(B),metrics/mAP50-95(B),metrics/precision(B),metrics/recall(B),model,speed_inference,speed_loss,speed_postprocess,speed_preprocess,split
16,0.5984914666808536,0.8465891463780568,0.6588699466931442,0.8397800539927261,0.7520532384370257,/d/hpc/projects/FRI/zm3587/dl/datasets/crowdhuman/data.yaml,crowdhuman,0.5984914666808536,960,0.8465891463780568,0.5984914666808536,0.8397800539927261,0.7520532384370257,/d/hpc/projects/FRI/zm3587/dl/runs/person_detection/yolo26s_crowdhuman_960/weights/best.pt,4.694654564804758,0.0007013083825599684,0.15248569472878318,1.4112326997445226,val
