dataset_name,model_name,model,data,imgsz,batch,split,box_map50,box_map,box_map75,box_mp,box_mr,metrics/precision(B),metrics/recall(B),metrics/mAP50(B),metrics/mAP50-95(B),fitness,speed_preprocess,speed_inference,speed_loss,speed_postprocess,save_dir
crowdhuman,yolo26x,/d/hpc/projects/FRI/zm3587/dl/yolo26x.pt,/d/hpc/projects/FRI/zm3587/dl/datasets/crowdhuman/data.yaml,960,16,val,0.7603101077707882,0.5089433599990627,0.5653726140918021,0.758230078468966,0.6711099048021151,0.758230078468966,0.6711099048021151,0.7603101077707882,0.5089433599990627,0.5089433599990627,1.3383319787627823,28.197613605553844,0.0005721054370227339,0.13453921267722288,/d/hpc/projects/FRI/zm3587/dl/runs/person_detection_eval/eval_yolo26x_default960_all__on_crowdhuman
widerperson,yolo26x,/d/hpc/projects/FRI/zm3587/dl/yolo26x.pt,/d/hpc/projects/FRI/zm3587/dl/datasets/widerperson/data.yaml,960,16,val,0.6562088223286067,0.2490127864627628,0.12204182668659926,0.7382067982384768,0.6029685957664607,0.7382067982384768,0.6029685957664607,0.6562088223286067,0.2490127864627628,0.2490127864627628,1.5680099871824495,28.15560741419904,0.0006158699980005622,0.13623671792447567,/d/hpc/projects/FRI/zm3587/dl/runs/person_detection_eval/eval_yolo26x_default960_all__on_widerperson
coco2017,yolo26x,/d/hpc/projects/FRI/zm3587/dl/yolo26x.pt,/d/hpc/projects/FRI/zm3587/dl/datasets/coco2017/data.yaml,960,16,val,0.8704560403423467,0.6280986490797574,0.6842319275990356,0.8444050055206523,0.7784169991648882,0.8444050055206523,0.7784169991648882,0.8704560403423467,0.6280986490797574,0.6280986490797574,1.4842010912280688,29.811009706269136,0.0005563985578151405,0.1386085419157901,/d/hpc/projects/FRI/zm3587/dl/runs/person_detection_eval/eval_yolo26x_default960_all__on_coco2017
ochuman,yolo26x,/d/hpc/projects/FRI/zm3587/dl/yolo26x.pt,/d/hpc/projects/FRI/zm3587/dl/datasets/ochuman/data.yaml,960,16,val,0.699427833295361,0.32566329716985715,0.20639245605880585,0.7160698710728257,0.6942686616726911,0.7160698710728257,0.6942686616726911,0.699427833295361,0.32566329716985715,0.32566329716985715,1.3786662200222428,29.90865739806944,0.0005291239181070091,0.11692494304778897,/d/hpc/projects/FRI/zm3587/dl/runs/person_detection_eval/eval_yolo26x_default960_all__on_ochuman
